{
  "project": "planet-babylon-terrain",
  "configVersion": 1,
  "exportedAt": "2026-01-30T13:26:32.824Z",
  "params": {
    "seed": 70895165,
    "radius": 6,
    "atmoEnabled": true,
    "atmoUseDepth": true,
    "atmoRadiusMul": 1.087,
    "atmoStrength": 5.29,
    "mieStrength": 2.86,
    "upperStrength": 1.6,
    "atmoSteps": 39,
    "c0": "#b1844b",
    "c1": "#cbd4d9",
    "c2": "#92b9c0",
    "cloudAlpha": 0,
    "cloudScale": 2.7,
    "cloudSharpness": 2.2,
    "cloudWindX": 0.02,
    "cloudWindZ": 0.012,
    "cloudTint": "#eef6ff",
    "subdivisions": 30,
    "continentAmp": 0.12,
    "continentScale": 0.84,
    "continentPower": 1.25,
    "continentMaskMin": 0.1,
    "continentMaskMax": 0.85,
    "mountainAmp": 0.25,
    "noiseScale": 3.42,
    "octaves": 3,
    "lacunarity": 1.59,
    "gain": 0.47000000000000003,
    "mountainMaskByContinents": true,
    "ridgeAmp": 0.12,
    "ridgeScale": 2.97,
    "ridgeOctaves": 5,
    "ridgeLacunarity": 2.05,
    "ridgeGain": 0.56,
    "ridgeMaskByContinents": true,
    "seaEnabled": false,
    "oceanMode": "patch",
    "oceanCoastFill": 0.05,
    "seaLevel": 0.06,
    "seaThickness": 1.002,
    "flattenUnderSea": true,
    "flattenStrength": 0.85,
    "shoreBand": 0.06,
    "shoreStrength": 0.65,
    "seaColor": "#821f63",
    "seaAlpha": 1,
    "seaRoughness": 0.33,
    "seaSpecular": 1.08,
    "seaReflect": 1.05,
    "seaFresnelBias": 0.16,
    "seaFresnelPower": 6.2,
    "seaClearCoat": 0.15,
    "seaClearCoatRough": 0.21,
    "seaZOffset": 0,
    "colorsWaterEnabled": true,
    "waterShallowColor": "#9229b3",
    "waterDeepColor": "#9bb64c",
    "waterDepthRange": 0.22,
    "waterDepthCurve": 1.8,
    "foamEnabled": true,
    "foamColor": "#554b13",
    "foamWidth": 0.03,
    "foamIntensity": 0.55,
    "seaDoubleSided": false,
    "seaHugCoast": true,
    "seaHugBand": 0.45,
    "seaHugFactor": 0.35,
    "cratersEnabled": true,
    "craterCount": 134,
    "craterRadiusMin": 0.09,
    "craterRadiusMax": 0.163,
    "craterDepthMin": 0.21,
    "craterDepthMax": 0.06,
    "craterRim": 0.12,
    "craterBlend": 0.79,
    "heightClampEnabled": true,
    "heightClampMin": 0.8,
    "heightClampMax": 1.65,
    "erosionEnabled": true,
    "erosionIterations": 2,
    "erosionTalus": 0.02,
    "erosionRate": 0.15,
    "smoothingEnabled": true,
    "smoothIterations": 1,
    "smoothStrength": 0.35,
    "colorsEnabled": true,
    "colorBeach": "#0c0b0a",
    "colorLow": "#463a31",
    "colorMid": "#7c6a4c",
    "colorHigh": "#4a351c",
    "colorSnow": "#372921",
    "beachWidth": 0.004,
    "snowLine": 0.76,
    "snowLinePole": 0.27,
    "snowLatPower": 2.9000000000000004,
    "slopeShading": true,
    "slopeStrength": 0.54,
    "rockColor": "#949d0e",
    "rockSlope": 0.5
  }
}