{
  "project": "planet-babylon-terrain",
  "configVersion": 1,
  "exportedAt": "2026-02-02T14:45:50.539Z",
  "params": {
    "seed": 455900917,
    "radius": 9,
    "atmoEnabled": true,
    "atmoUseDepth": true,
    "atmoRadiusMul": 1.177,
    "atmoStrength": 1.07,
    "mieStrength": 1.59,
    "upperStrength": 1.36,
    "atmoSteps": 27,
    "c0": "#5b6a7d",
    "c1": "#2e6bff",
    "c2": "#1947a6",
    "cloudAlpha": 0,
    "cloudScale": 2.7,
    "cloudSharpness": 2.2,
    "cloudWindX": 0.02,
    "cloudWindZ": 0.012,
    "cloudTint": "#eef6ff",
    "subdivisions": 80,
    "continentAmp": 0.02,
    "continentScale": 0.34,
    "continentPower": 0.6900000000000001,
    "continentMaskMin": 0.1,
    "continentMaskMax": 0.13,
    "mountainAmp": 0.03,
    "noiseScale": 5.82,
    "octaves": 9,
    "lacunarity": 3.31,
    "gain": 0.34,
    "mountainMaskByContinents": true,
    "ridgeAmp": 0.15,
    "ridgeScale": 8.48,
    "ridgeOctaves": 6,
    "ridgeLacunarity": 3.27,
    "ridgeGain": 0.85,
    "ridgeMaskByContinents": true,
    "seaEnabled": true,
    "oceanMode": "sphere",
    "oceanCoastFill": 0.05,
    "seaLevel": 0.06,
    "seaThickness": 1.002,
    "flattenUnderSea": true,
    "flattenStrength": 0.85,
    "shoreBand": 0.06,
    "shoreStrength": 0.65,
    "seaColor": "#045f0e",
    "seaAlpha": 1,
    "seaRoughness": 0.36,
    "seaSpecular": 0.92,
    "seaReflect": 0.8300000000000001,
    "seaFresnelBias": 0.14,
    "seaFresnelPower": 7.300000000000001,
    "seaClearCoat": 0.55,
    "seaClearCoatRough": 0.24,
    "seaZOffset": 0,
    "colorsWaterEnabled": true,
    "waterShallowColor": "#267a01",
    "waterDeepColor": "#062238",
    "waterDepthRange": 0.22,
    "waterDepthCurve": 1.8,
    "foamEnabled": true,
    "foamColor": "#e9f6ff",
    "foamWidth": 0.03,
    "foamIntensity": 0.55,
    "seaDoubleSided": false,
    "seaHugCoast": true,
    "seaHugBand": 0.45,
    "seaHugFactor": 0.35,
    "cratersEnabled": true,
    "craterCount": 220,
    "craterRadiusMin": 0.053,
    "craterRadiusMax": 0.16,
    "craterDepthMin": 0.025,
    "craterDepthMax": 0.1,
    "craterRim": 0.18,
    "craterBlend": 0.67,
    "heightClampEnabled": true,
    "heightClampMin": 0.8,
    "heightClampMax": 1.65,
    "erosionEnabled": true,
    "erosionIterations": 10,
    "erosionTalus": 0.02,
    "erosionRate": 0.32,
    "smoothingEnabled": true,
    "smoothIterations": 1,
    "smoothStrength": 0.33,
    "colorsEnabled": true,
    "colorBeach": "#ff0000",
    "colorLow": "#050505",
    "colorMid": "#070707",
    "colorHigh": "#070707",
    "colorSnow": "#050505",
    "beachWidth": 0.002,
    "snowLine": 0.77,
    "snowLinePole": 0.2,
    "snowLatPower": 2.85,
    "slopeShading": true,
    "slopeStrength": 0.5700000000000001,
    "rockColor": "#0f0e0e",
    "rockSlope": 0.74
  }
}