{
  "project": "planet-babylon-terrain",
  "configVersion": 1,
  "exportedAt": "2026-02-06T12:30:16.039Z",
  "params": {
    "ringColorContrast": 1.25,
    "ringAlphaContrast": 1.35,
    "ringCassiniPos": 0.62,
    "ringCassiniWidth": 0.02,
    "ringCassiniAlpha": 0.05,
    "gasSmooth": 0.65,
    "gasBandDriftSpeed": 1,
    "gasStormAmp": 0.22,
    "gasStormSwirl": 0.45,
    "gasStormContrast": 1.35,
    "gasRotSpeed": 0.06,
    "gasTexRotSpeed": 0.06,
    "gasStormEnabled": true,
    "gasStormColor": "#b84a2a",
    "gasStormLat": -0.22,
    "gasStormLon": 0.25,
    "gasStormRadius": 0.1,
    "gasStormSoftness": 0.35,
    "gasStormDriftSpeed": 0.1,
    "ringColorA": "#d6c9b1",
    "ringColorB": "#8b7a67",
    "ringColorC": "#efe4d4",
    "ringAlphaBase": 0.55,
    "ringAlphaNoise": 0.35,
    "ringColorNoise": 0.35,
    "ringGapFreq": 6,
    "ringGapPower": 2.2,
    "ringBandFreq": 24,
    "cloudLayerEnabled": true,
    "cloudLayerMul": 1.992,
    "cloudCoverage": 0.54,
    "cloudRotSpeed": 0.045,
    "seed": 1337,
    "radius": 6,
    "atmoEnabled": true,
    "atmoUseDepth": true,
    "atmoRadiusMul": 1.055,
    "atmoStrength": 2.8,
    "mieStrength": 2.4,
    "upperStrength": 1.6,
    "atmoSteps": 48,
    "c0": "#9e9585",
    "c1": "#2e6bff",
    "c2": "#1947a6",
    "cloudAlpha": 0.45,
    "cloudScale": 2.7,
    "cloudSharpness": 2.2,
    "cloudWindX": 0.02,
    "cloudWindZ": 0.012,
    "cloudTint": "#eef6ff",
    "subdivisions": 25,
    "continentAmp": 0.13,
    "continentScale": 1.15,
    "continentPower": 1.25,
    "continentMaskMin": 0.1,
    "continentMaskMax": 0.85,
    "mountainAmp": 0.09,
    "noiseScale": 2.1,
    "octaves": 5,
    "lacunarity": 2.02,
    "gain": 0.52,
    "mountainMaskByContinents": true,
    "ridgeAmp": 0.12,
    "ridgeScale": 4,
    "ridgeOctaves": 5,
    "ridgeLacunarity": 2.05,
    "ridgeGain": 0.56,
    "ridgeMaskByContinents": true,
    "seaEnabled": true,
    "oceanMode": "patch",
    "oceanCoastFill": 0.05,
    "seaLevel": 0.06,
    "seaThickness": 1.002,
    "flattenUnderSea": true,
    "flattenStrength": 0.85,
    "shoreBand": 0.06,
    "shoreStrength": 0.65,
    "seaColor": "#10314a",
    "seaAlpha": 1,
    "seaRoughness": 0.12,
    "seaSpecular": 0.85,
    "seaReflect": 0.55,
    "seaFresnelBias": 0.08,
    "seaFresnelPower": 4,
    "seaClearCoat": 0.75,
    "seaClearCoatRough": 0.12,
    "seaZOffset": 0,
    "colorsWaterEnabled": true,
    "waterShallowColor": "#2a8fb3",
    "waterDeepColor": "#062238",
    "waterDepthRange": 0.22,
    "waterDepthCurve": 1.8,
    "foamEnabled": true,
    "foamColor": "#e9f6ff",
    "foamWidth": 0.03,
    "foamIntensity": 0.55,
    "seaDoubleSided": false,
    "seaHugCoast": true,
    "seaHugBand": 0.45,
    "seaHugFactor": 0.35,
    "cratersEnabled": true,
    "craterCount": 60,
    "craterRadiusMin": 0.035,
    "craterRadiusMax": 0.085,
    "craterDepthMin": 0.03,
    "craterDepthMax": 0.09,
    "craterRim": 0.18,
    "craterBlend": 0.6,
    "heightClampEnabled": true,
    "heightClampMin": 0.8,
    "heightClampMax": 1.65,
    "erosionEnabled": true,
    "erosionIterations": 2,
    "erosionTalus": 0.02,
    "erosionRate": 0.15,
    "smoothingEnabled": true,
    "smoothIterations": 1,
    "smoothStrength": 0.35,
    "colorsEnabled": true,
    "colorBeach": "#bfa77a",
    "colorLow": "#6e7a5e",
    "colorMid": "#7c6a4c",
    "colorHigh": "#8b7f70",
    "colorSnow": "#e7edf0",
    "beachWidth": 0.03,
    "snowLine": 0.82,
    "snowLinePole": 0.62,
    "snowLatPower": 1.6,
    "slopeShading": true,
    "slopeStrength": 0.45,
    "rockColor": "#6f6a61",
    "rockSlope": 0.35,
    "planetType": "Rocky",
    "gasBandCount": 14,
    "gasBandContrast": 0.95,
    "gasBandSharpness": 1.35,
    "gasLatWarp": 0.25,
    "gasSwirl": 0.45,
    "gasStormScale": 16,
    "gasDetailScale": 6,
    "gasDetailOctaves": 2,
    "gasDetailLacunarity": 2.03,
    "gasDetailGain": 0.55,
    "gasBulge": 0.035,
    "gasRoughness": 0.85,
    "gasColorA": "#d8b48a",
    "gasColorB": "#b9855f",
    "gasColorC": "#f2d7b6",
    "ringsEnabled": true,
    "ringSegments": 128,
    "ringThickness": 0.05,
    "ringTiltX": 0.18,
    "ringTiltZ": 0.06,
    "ringRings": [
      {
        "enabled": true,
        "innerMul": 1.59,
        "widthMul": 0.42,
        "color": "#6fa1b6",
        "alpha": 0.49,
        "noise": 0.35,
        "bandFreq": 38,
        "gapFreq": 8,
        "gapPower": 2.5
      },
      {
        "enabled": true,
        "innerMul": 2.02,
        "widthMul": 0.1,
        "color": "#476672",
        "alpha": 0.44,
        "noise": 0.35,
        "bandFreq": 38,
        "gapFreq": 8,
        "gapPower": 2.5
      },
      {
        "enabled": true,
        "innerMul": 2.17,
        "widthMul": 0.26,
        "color": "#d9c193",
        "alpha": 0.47000000000000003,
        "noise": 0.35,
        "bandFreq": 38,
        "gapFreq": 8,
        "gapPower": 2.5
      },
      {
        "enabled": true,
        "innerMul": 2.5,
        "widthMul": 0.05,
        "color": "#beb097",
        "alpha": 0.18,
        "noise": 0.35,
        "bandFreq": 38,
        "gapFreq": 8,
        "gapPower": 2.5
      },
      {
        "enabled": false,
        "innerMul": 1.83,
        "widthMul": 0.1,
        "color": "#d6c9b1",
        "alpha": 0.75,
        "noise": 0.35,
        "bandFreq": 38,
        "gapFreq": 8,
        "gapPower": 2.5
      },
      {
        "enabled": false,
        "innerMul": 1.9500000000000002,
        "widthMul": 0.1,
        "color": "#d6c9b1",
        "alpha": 0.75,
        "noise": 0.35,
        "bandFreq": 38,
        "gapFreq": 8,
        "gapPower": 2.5
      },
      {
        "enabled": false,
        "innerMul": 2.0700000000000003,
        "widthMul": 0.1,
        "color": "#d6c9b1",
        "alpha": 0.75,
        "noise": 0.35,
        "bandFreq": 38,
        "gapFreq": 8,
        "gapPower": 2.5
      },
      {
        "enabled": false,
        "innerMul": 2.19,
        "widthMul": 0.1,
        "color": "#d6c9b1",
        "alpha": 0.75,
        "noise": 0.35,
        "bandFreq": 38,
        "gapFreq": 8,
        "gapPower": 2.5
      },
      {
        "enabled": false,
        "innerMul": 2.31,
        "widthMul": 0.1,
        "color": "#d6c9b1",
        "alpha": 0.75,
        "noise": 0.35,
        "bandFreq": 38,
        "gapFreq": 8,
        "gapPower": 2.5
      },
      {
        "enabled": false,
        "innerMul": 2.43,
        "widthMul": 0.1,
        "color": "#d6c9b1",
        "alpha": 0.75,
        "noise": 0.35,
        "bandFreq": 38,
        "gapFreq": 8,
        "gapPower": 2.5
      }
    ]
  }
}