{
  "project": "planet-babylon-terrain",
  "configVersion": 1,
  "exportedAt": "2026-02-04T10:12:10.092Z",
  "params": {
    "seed": 70895165,
    "radius": 4,
    "atmoEnabled": true,
    "atmoUseDepth": true,
    "atmoRadiusMul": 1.1500000000000001,
    "atmoStrength": 2.2800000000000002,
    "mieStrength": 2.4,
    "upperStrength": 1.47,
    "atmoSteps": 55,
    "c0": "#848181",
    "c1": "#cbd4d9",
    "c2": "#92b9c0",
    "cloudAlpha": 0,
    "cloudScale": 2.7,
    "cloudSharpness": 2.2,
    "cloudWindX": 0.02,
    "cloudWindZ": 0.012,
    "cloudTint": "#eef6ff",
    "subdivisions": 30,
    "continentAmp": 0.13,
    "continentScale": 2.06,
    "continentPower": 1.83,
    "continentMaskMin": 0.05,
    "continentMaskMax": 0.29,
    "mountainAmp": 0.09,
    "noiseScale": 3.35,
    "octaves": 9,
    "lacunarity": 1.87,
    "gain": 0.47000000000000003,
    "mountainMaskByContinents": true,
    "ridgeAmp": 0.05,
    "ridgeScale": 2.97,
    "ridgeOctaves": 8,
    "ridgeLacunarity": 1.74,
    "ridgeGain": 0.38,
    "ridgeMaskByContinents": true,
    "seaEnabled": false,
    "oceanMode": "patch",
    "oceanCoastFill": 0.05,
    "seaLevel": 0.06,
    "seaThickness": 1.002,
    "flattenUnderSea": true,
    "flattenStrength": 0.85,
    "shoreBand": 0.06,
    "shoreStrength": 0.65,
    "seaColor": "#821f63",
    "seaAlpha": 1,
    "seaRoughness": 0.33,
    "seaSpecular": 1.08,
    "seaReflect": 1.05,
    "seaFresnelBias": 0.16,
    "seaFresnelPower": 6.2,
    "seaClearCoat": 0.15,
    "seaClearCoatRough": 0.21,
    "seaZOffset": 0,
    "colorsWaterEnabled": true,
    "waterShallowColor": "#9229b3",
    "waterDeepColor": "#9bb64c",
    "waterDepthRange": 0.22,
    "waterDepthCurve": 1.8,
    "foamEnabled": true,
    "foamColor": "#554b13",
    "foamWidth": 0.03,
    "foamIntensity": 0.55,
    "seaDoubleSided": false,
    "seaHugCoast": true,
    "seaHugBand": 0.45,
    "seaHugFactor": 0.35,
    "cratersEnabled": true,
    "craterCount": 220,
    "craterRadiusMin": 0.013000000000000001,
    "craterRadiusMax": 0.25,
    "craterDepthMin": 0.035,
    "craterDepthMax": 0.105,
    "craterRim": 0.21,
    "craterBlend": 1,
    "heightClampEnabled": true,
    "heightClampMin": 1,
    "heightClampMax": 1.1400000000000001,
    "erosionEnabled": true,
    "erosionIterations": 10,
    "erosionTalus": 0.092,
    "erosionRate": 0.48,
    "smoothingEnabled": false,
    "smoothIterations": 4,
    "smoothStrength": 0.15,
    "colorsEnabled": true,
    "colorBeach": "#0c0b0a",
    "colorLow": "#373737",
    "colorMid": "#b3aca1",
    "colorHigh": "#c0b1a3",
    "colorSnow": "#d2cbba",
    "beachWidth": 0.054,
    "snowLine": 0.4,
    "snowLinePole": 0.47000000000000003,
    "snowLatPower": 3.1500000000000004,
    "slopeShading": true,
    "slopeStrength": 0.54,
    "rockColor": "#949d0e",
    "rockSlope": 0.5
  }
}