{
  "project": "planet-babylon-terrain",
  "configVersion": 1,
  "exportedAt": "2026-02-05T15:43:13.807Z",
  "params": {
    "cloudLayerEnabled": true,
    "cloudLayerMul": 1.9000000000000001,
    "cloudCoverage": 0.45,
    "cloudRotSpeed": 0.03,
    "seed": 466614647,
    "radius": 6,
    "atmoEnabled": true,
    "atmoUseDepth": true,
    "atmoRadiusMul": 1.25,
    "atmoStrength": 8,
    "mieStrength": 8,
    "upperStrength": 8,
    "atmoSteps": 96,
    "c0": "#9e9585",
    "c1": "#2e6bff",
    "c2": "#1947a6",
    "cloudAlpha": 0.6900000000000001,
    "cloudScale": 2.75,
    "cloudSharpness": 4.3500000000000005,
    "cloudWindX": -0.045,
    "cloudWindZ": -0.002,
    "cloudTint": "#eef6ff",
    "subdivisions": 65,
    "continentAmp": 0.04,
    "continentScale": 1.52,
    "continentPower": 1.25,
    "continentMaskMin": 0.27,
    "continentMaskMax": 1,
    "mountainAmp": 0.09,
    "noiseScale": 1,
    "octaves": 9,
    "lacunarity": 1.53,
    "gain": 0.48,
    "mountainMaskByContinents": true,
    "ridgeAmp": 0.13,
    "ridgeScale": 3.2600000000000002,
    "ridgeOctaves": 8,
    "ridgeLacunarity": 2.05,
    "ridgeGain": 0.56,
    "ridgeMaskByContinents": true,
    "seaEnabled": true,
    "oceanMode": "sphere",
    "oceanCoastFill": 0,
    "seaLevel": 0.025,
    "seaThickness": 1.002,
    "flattenUnderSea": true,
    "flattenStrength": 0.85,
    "shoreBand": 0.06,
    "shoreStrength": 0.65,
    "seaColor": "#10314a",
    "seaAlpha": 1,
    "seaRoughness": 0.12,
    "seaSpecular": 0.85,
    "seaReflect": 0.55,
    "seaFresnelBias": 0.08,
    "seaFresnelPower": 4,
    "seaClearCoat": 0.75,
    "seaClearCoatRough": 0.12,
    "seaZOffset": 0,
    "colorsWaterEnabled": true,
    "waterShallowColor": "#2a8fb3",
    "waterDeepColor": "#062238",
    "waterDepthRange": 0.22,
    "waterDepthCurve": 1.8,
    "foamEnabled": true,
    "foamColor": "#e9f6ff",
    "foamWidth": 0.03,
    "foamIntensity": 0.55,
    "seaDoubleSided": false,
    "seaHugCoast": true,
    "seaHugBand": 0.45,
    "seaHugFactor": 0.35,
    "cratersEnabled": false,
    "craterCount": 60,
    "craterRadiusMin": 0.035,
    "craterRadiusMax": 0.085,
    "craterDepthMin": 0.03,
    "craterDepthMax": 0.09,
    "craterRim": 0.18,
    "craterBlend": 0.6,
    "heightClampEnabled": false,
    "heightClampMin": 0.8,
    "heightClampMax": 1.65,
    "erosionEnabled": false,
    "erosionIterations": 2,
    "erosionTalus": 0.02,
    "erosionRate": 0.15,
    "smoothingEnabled": false,
    "smoothIterations": 1,
    "smoothStrength": 0.35,
    "colorsEnabled": true,
    "colorBeach": "#ffdea6",
    "colorLow": "#3c610c",
    "colorMid": "#6d7c4c",
    "colorHigh": "#8b7f70",
    "colorSnow": "#e7edf0",
    "beachWidth": 0.012,
    "snowLine": 0.82,
    "snowLinePole": 0.2,
    "snowLatPower": 2.6500000000000004,
    "slopeShading": true,
    "slopeStrength": 0.45,
    "rockColor": "#523604",
    "rockSlope": 0.35,
    "planetType": "Rocky",
    "gasBandCount": 14,
    "gasBandContrast": 0.95,
    "gasBandSharpness": 1.35,
    "gasLatWarp": 0.25,
    "gasSwirl": 0.45,
    "gasStormAmp": 0.22,
    "gasStormScale": 16,
    "gasDetailScale": 6,
    "gasDetailOctaves": 2,
    "gasDetailLacunarity": 2.03,
    "gasDetailGain": 0.55,
    "gasBulge": 0.035,
    "gasRoughness": 0.85,
    "gasColorA": "#d8b48a",
    "gasColorB": "#b9855f",
    "gasColorC": "#f2d7b6",
    "ringsEnabled": true,
    "ringInnerMul": 1.78,
    "ringOuterMul": 3.45,
    "ringThickness": 0.25,
    "ringAlpha": 0.47000000000000003,
    "ringTiltX": 0.18,
    "ringTiltZ": -0.12,
    "ringColor": "#c5b89d",
    "ringBandFreq": 42
  }
}