{
  "project": "planet-babylon-terrain",
  "configVersion": 1,
  "exportedAt": "2026-02-04T09:48:50.295Z",
  "params": {
    "seed": 672036206,
    "radius": 6,
    "atmoEnabled": true,
    "atmoUseDepth": true,
    "atmoRadiusMul": 1.25,
    "atmoStrength": 6.97,
    "mieStrength": 5.12,
    "upperStrength": 5.99,
    "atmoSteps": 96,
    "c0": "#555346",
    "c1": "#545964",
    "c2": "#4c618c",
    "cloudAlpha": 0,
    "cloudScale": 2.7,
    "cloudSharpness": 2.2,
    "cloudWindX": 0.02,
    "cloudWindZ": 0.012,
    "cloudTint": "#eef6ff",
    "subdivisions": 75,
    "continentAmp": 0.04,
    "continentScale": 1.54,
    "continentPower": 1.17,
    "continentMaskMin": 0.36,
    "continentMaskMax": 0.36,
    "mountainAmp": 0.19,
    "noiseScale": 1.35,
    "octaves": 9,
    "lacunarity": 1.79,
    "gain": 0.34,
    "mountainMaskByContinents": true,
    "ridgeAmp": 0.09,
    "ridgeScale": 1.94,
    "ridgeOctaves": 8,
    "ridgeLacunarity": 2.24,
    "ridgeGain": 0.62,
    "ridgeMaskByContinents": false,
    "seaEnabled": true,
    "oceanMode": "patch",
    "oceanCoastFill": 0.05,
    "seaLevel": 0.06,
    "seaThickness": 1.002,
    "flattenUnderSea": true,
    "flattenStrength": 0.85,
    "shoreBand": 0.06,
    "shoreStrength": 0.65,
    "seaColor": "#142839",
    "seaAlpha": 0.92,
    "seaRoughness": 0.29,
    "seaSpecular": 0.97,
    "seaReflect": 0.85,
    "seaFresnelBias": 0.14,
    "seaFresnelPower": 5.7,
    "seaClearCoat": 0.97,
    "seaClearCoatRough": 0.39,
    "seaZOffset": 0,
    "colorsWaterEnabled": true,
    "waterShallowColor": "#154b5f",
    "waterDeepColor": "#b4c7d7",
    "waterDepthRange": 0.22,
    "waterDepthCurve": 1.8,
    "foamEnabled": true,
    "foamColor": "#e9f6ff",
    "foamWidth": 0.03,
    "foamIntensity": 0.55,
    "seaDoubleSided": false,
    "seaHugCoast": true,
    "seaHugBand": 0.45,
    "seaHugFactor": 0.35,
    "cratersEnabled": false,
    "craterCount": 5,
    "craterRadiusMin": 0.073,
    "craterRadiusMax": 0.201,
    "craterDepthMin": 0.245,
    "craterDepthMax": 0.35000000000000003,
    "craterRim": 0.43,
    "craterBlend": 0.62,
    "heightClampEnabled": true,
    "heightClampMin": 0.43,
    "heightClampMax": 2.02,
    "erosionEnabled": false,
    "erosionIterations": 1,
    "erosionTalus": 0.044,
    "erosionRate": 0.35000000000000003,
    "smoothingEnabled": true,
    "smoothIterations": 1,
    "smoothStrength": 0.02,
    "colorsEnabled": true,
    "colorBeach": "#d2cdb8",
    "colorLow": "#617546",
    "colorMid": "#3e703b",
    "colorHigh": "#3e3122",
    "colorSnow": "#cacaca",
    "beachWidth": 0.026000000000000002,
    "snowLine": 0.68,
    "snowLinePole": 0.2,
    "snowLatPower": 1.7000000000000002,
    "slopeShading": true,
    "slopeStrength": 0.45,
    "rockColor": "#000000",
    "rockSlope": 0.35
  }
}