{
  "project": "planet-babylon-terrain",
  "configVersion": 1,
  "exportedAt": "2026-02-04T10:53:43.647Z",
  "params": {
    "seed": 961990958,
    "radius": 6,
    "atmoEnabled": true,
    "atmoUseDepth": true,
    "atmoRadiusMul": 1.236,
    "atmoStrength": 5.87,
    "mieStrength": 5.12,
    "upperStrength": 6.04,
    "atmoSteps": 87,
    "c0": "#3fa1c0",
    "c1": "#4f7ba2",
    "c2": "#3c7fa4",
    "cloudAlpha": 0,
    "cloudScale": 2.7,
    "cloudSharpness": 2.2,
    "cloudWindX": 0.02,
    "cloudWindZ": 0.012,
    "cloudTint": "#eef6ff",
    "subdivisions": 36,
    "continentAmp": 0.05,
    "continentScale": 1.68,
    "continentPower": 0.64,
    "continentMaskMin": 0.18,
    "continentMaskMax": 0.77,
    "mountainAmp": 0.11,
    "noiseScale": 2.19,
    "octaves": 9,
    "lacunarity": 2.14,
    "gain": 0.33,
    "mountainMaskByContinents": true,
    "ridgeAmp": 0.08,
    "ridgeScale": 2.2800000000000002,
    "ridgeOctaves": 8,
    "ridgeLacunarity": 1.99,
    "ridgeGain": 0.52,
    "ridgeMaskByContinents": true,
    "seaEnabled": true,
    "oceanMode": "patch",
    "oceanCoastFill": 0.05,
    "seaLevel": 0.055,
    "seaThickness": 1.002,
    "flattenUnderSea": true,
    "flattenStrength": 0.85,
    "shoreBand": 0.06,
    "shoreStrength": 0.65,
    "seaColor": "#244561",
    "seaAlpha": 0.92,
    "seaRoughness": 0.29,
    "seaSpecular": 0.97,
    "seaReflect": 0.85,
    "seaFresnelBias": 0.14,
    "seaFresnelPower": 5.7,
    "seaClearCoat": 0.97,
    "seaClearCoatRough": 0.39,
    "seaZOffset": 0,
    "colorsWaterEnabled": true,
    "waterShallowColor": "#13313c",
    "waterDeepColor": "#b4c7d7",
    "waterDepthRange": 0.22,
    "waterDepthCurve": 1.8,
    "foamEnabled": true,
    "foamColor": "#e9f6ff",
    "foamWidth": 0.03,
    "foamIntensity": 0.55,
    "seaDoubleSided": false,
    "seaHugCoast": true,
    "seaHugBand": 0.45,
    "seaHugFactor": 0.35,
    "cratersEnabled": true,
    "craterCount": 220,
    "craterRadiusMin": 0.094,
    "craterRadiusMax": 0.25,
    "craterDepthMin": 0.01,
    "craterDepthMax": 0.06,
    "craterRim": 0.34,
    "craterBlend": 0.52,
    "heightClampEnabled": true,
    "heightClampMin": 0.99,
    "heightClampMax": 1.56,
    "erosionEnabled": true,
    "erosionIterations": 5,
    "erosionTalus": 0.042,
    "erosionRate": 0.35000000000000003,
    "smoothingEnabled": false,
    "smoothIterations": 1,
    "smoothStrength": 0.04,
    "colorsEnabled": true,
    "colorBeach": "#372b16",
    "colorLow": "#341f1a",
    "colorMid": "#433633",
    "colorHigh": "#46413a",
    "colorSnow": "#ffffff",
    "beachWidth": 0.024,
    "snowLine": 0.81,
    "snowLinePole": 0.2,
    "snowLatPower": 2.5500000000000003,
    "slopeShading": true,
    "slopeStrength": 0.45,
    "rockColor": "#000000",
    "rockSlope": 0.35
  }
}