{
  "project": "planet-babylon-terrain",
  "configVersion": 1,
  "exportedAt": "2026-02-04T10:41:10.496Z",
  "params": {
    "seed": 569681148,
    "radius": 6,
    "atmoEnabled": true,
    "atmoUseDepth": true,
    "atmoRadiusMul": 1.223,
    "atmoStrength": 3.61,
    "mieStrength": 3.84,
    "upperStrength": 2.92,
    "atmoSteps": 60,
    "c0": "#c0533f",
    "c1": "#b69081",
    "c2": "#a5adbe",
    "cloudAlpha": 0,
    "cloudScale": 2.7,
    "cloudSharpness": 2.2,
    "cloudWindX": 0.02,
    "cloudWindZ": 0.012,
    "cloudTint": "#eef6ff",
    "subdivisions": 25,
    "continentAmp": 0.05,
    "continentScale": 1.49,
    "continentPower": 0.6900000000000001,
    "continentMaskMin": 0.42,
    "continentMaskMax": 0.68,
    "mountainAmp": 0.11,
    "noiseScale": 2.19,
    "octaves": 9,
    "lacunarity": 1.84,
    "gain": 0.3,
    "mountainMaskByContinents": true,
    "ridgeAmp": 0.08,
    "ridgeScale": 2.2800000000000002,
    "ridgeOctaves": 8,
    "ridgeLacunarity": 1.99,
    "ridgeGain": 0.52,
    "ridgeMaskByContinents": true,
    "seaEnabled": false,
    "oceanMode": "patch",
    "oceanCoastFill": 0.05,
    "seaLevel": 0.06,
    "seaThickness": 1.002,
    "flattenUnderSea": true,
    "flattenStrength": 0.85,
    "shoreBand": 0.06,
    "shoreStrength": 0.65,
    "seaColor": "#142839",
    "seaAlpha": 0.92,
    "seaRoughness": 0.29,
    "seaSpecular": 0.97,
    "seaReflect": 0.85,
    "seaFresnelBias": 0.14,
    "seaFresnelPower": 5.7,
    "seaClearCoat": 0.97,
    "seaClearCoatRough": 0.39,
    "seaZOffset": 0,
    "colorsWaterEnabled": true,
    "waterShallowColor": "#154b5f",
    "waterDeepColor": "#b4c7d7",
    "waterDepthRange": 0.22,
    "waterDepthCurve": 1.8,
    "foamEnabled": true,
    "foamColor": "#e9f6ff",
    "foamWidth": 0.03,
    "foamIntensity": 0.55,
    "seaDoubleSided": false,
    "seaHugCoast": true,
    "seaHugBand": 0.45,
    "seaHugFactor": 0.35,
    "cratersEnabled": true,
    "craterCount": 220,
    "craterRadiusMin": 0.094,
    "craterRadiusMax": 0.25,
    "craterDepthMin": 0.01,
    "craterDepthMax": 0.06,
    "craterRim": 0.34,
    "craterBlend": 0.52,
    "heightClampEnabled": true,
    "heightClampMin": 0.99,
    "heightClampMax": 1.56,
    "erosionEnabled": true,
    "erosionIterations": 5,
    "erosionTalus": 0.032,
    "erosionRate": 0.35000000000000003,
    "smoothingEnabled": false,
    "smoothIterations": 1,
    "smoothStrength": 0.04,
    "colorsEnabled": true,
    "colorBeach": "#37280d",
    "colorLow": "#2a0f08",
    "colorMid": "#522319",
    "colorHigh": "#462f16",
    "colorSnow": "#595941",
    "beachWidth": 0.1,
    "snowLine": 0.4,
    "snowLinePole": 0.9,
    "snowLatPower": 1.85,
    "slopeShading": true,
    "slopeStrength": 0.45,
    "rockColor": "#000000",
    "rockSlope": 0.35
  }
}