{
  "project": "planet-babylon-terrain",
  "configVersion": 1,
  "exportedAt": "2026-02-02T14:08:22.270Z",
  "params": {
    "seed": 73789784,
    "radius": 6,
    "atmoEnabled": true,
    "atmoUseDepth": true,
    "atmoRadiusMul": 1.216,
    "atmoStrength": 5.5600000000000005,
    "mieStrength": 4.99,
    "upperStrength": 4.0200000000000005,
    "atmoSteps": 71,
    "c0": "#5b6a7d",
    "c1": "#2e6bff",
    "c2": "#1947a6",
    "cloudAlpha": 0,
    "cloudScale": 2.7,
    "cloudSharpness": 2.2,
    "cloudWindX": 0.02,
    "cloudWindZ": 0.012,
    "cloudTint": "#eef6ff",
    "subdivisions": 70,
    "continentAmp": 0.08,
    "continentScale": 1.31,
    "continentPower": 1.25,
    "continentMaskMin": 0.1,
    "continentMaskMax": 0.85,
    "mountainAmp": 0.09,
    "noiseScale": 2.1,
    "octaves": 5,
    "lacunarity": 2.02,
    "gain": 0.52,
    "mountainMaskByContinents": true,
    "ridgeAmp": 0.35000000000000003,
    "ridgeScale": 1.67,
    "ridgeOctaves": 8,
    "ridgeLacunarity": 1.85,
    "ridgeGain": 0.51,
    "ridgeMaskByContinents": true,
    "seaEnabled": true,
    "oceanMode": "patch",
    "oceanCoastFill": 0.05,
    "seaLevel": 0.06,
    "seaThickness": 1.002,
    "flattenUnderSea": true,
    "flattenStrength": 0.85,
    "shoreBand": 0.06,
    "shoreStrength": 0.65,
    "seaColor": "#10314a",
    "seaAlpha": 1,
    "seaRoughness": 0.36,
    "seaSpecular": 0.92,
    "seaReflect": 0.8300000000000001,
    "seaFresnelBias": 0.14,
    "seaFresnelPower": 7.300000000000001,
    "seaClearCoat": 0.55,
    "seaClearCoatRough": 0.24,
    "seaZOffset": 0,
    "colorsWaterEnabled": true,
    "waterShallowColor": "#2a8fb3",
    "waterDeepColor": "#062238",
    "waterDepthRange": 0.22,
    "waterDepthCurve": 1.8,
    "foamEnabled": true,
    "foamColor": "#e9f6ff",
    "foamWidth": 0.03,
    "foamIntensity": 0.55,
    "seaDoubleSided": false,
    "seaHugCoast": true,
    "seaHugBand": 0.45,
    "seaHugFactor": 0.35,
    "cratersEnabled": true,
    "craterCount": 191,
    "craterRadiusMin": 0.035,
    "craterRadiusMax": 0.085,
    "craterDepthMin": 0.125,
    "craterDepthMax": 0.225,
    "craterRim": 0.18,
    "craterBlend": 0.6,
    "heightClampEnabled": true,
    "heightClampMin": 0.8,
    "heightClampMax": 1.65,
    "erosionEnabled": true,
    "erosionIterations": 1,
    "erosionTalus": 0.02,
    "erosionRate": 0.15,
    "smoothingEnabled": true,
    "smoothIterations": 1,
    "smoothStrength": 0.08,
    "colorsEnabled": true,
    "colorBeach": "#d2bc93",
    "colorLow": "#6e7a5e",
    "colorMid": "#2f7f2b",
    "colorHigh": "#52483b",
    "colorSnow": "#e7edf0",
    "beachWidth": 0.006,
    "snowLine": 0.52,
    "snowLinePole": 0.2,
    "snowLatPower": 2.85,
    "slopeShading": true,
    "slopeStrength": 0.5700000000000001,
    "rockColor": "#6f6a61",
    "rockSlope": 0.74
  }
}