{
  "project": "planet-babylon-terrain",
  "configVersion": 1,
  "exportedAt": "2026-02-02T07:46:52.217Z",
  "params": {
    "seed": 1337,
    "radius": 6,
    "atmoEnabled": true,
    "atmoUseDepth": true,
    "atmoRadiusMul": 1.25,
    "atmoStrength": 8,
    "mieStrength": 8,
    "upperStrength": 5.93,
    "atmoSteps": 83,
    "c0": "#9e9585",
    "c1": "#9b1c1c",
    "c2": "#050505",
    "cloudAlpha": 0,
    "cloudScale": 2.7,
    "cloudSharpness": 2.2,
    "cloudWindX": 0.02,
    "cloudWindZ": 0.012,
    "cloudTint": "#eef6ff",
    "subdivisions": 70,
    "continentAmp": 0.34,
    "continentScale": 2.2,
    "continentPower": 1.8800000000000001,
    "continentMaskMin": 0.07,
    "continentMaskMax": 0.87,
    "mountainAmp": 0.11,
    "noiseScale": 1.07,
    "octaves": 6,
    "lacunarity": 1.6500000000000001,
    "gain": 0.31,
    "mountainMaskByContinents": true,
    "ridgeAmp": 0.31,
    "ridgeScale": 3.85,
    "ridgeOctaves": 3,
    "ridgeLacunarity": 2.16,
    "ridgeGain": 0.68,
    "ridgeMaskByContinents": true,
    "seaEnabled": true,
    "oceanMode": "patch",
    "oceanCoastFill": 0.05,
    "seaLevel": 0.06,
    "seaThickness": 1.002,
    "flattenUnderSea": true,
    "flattenStrength": 0.85,
    "shoreBand": 0.06,
    "shoreStrength": 0.65,
    "seaColor": "#ff0000",
    "seaAlpha": 1,
    "seaRoughness": 0.28,
    "seaSpecular": 0.86,
    "seaReflect": 0.67,
    "seaFresnelBias": 0.04,
    "seaFresnelPower": 5.1000000000000005,
    "seaClearCoat": 0.75,
    "seaClearCoatRough": 0.32,
    "seaZOffset": 0,
    "colorsWaterEnabled": true,
    "waterShallowColor": "#000000",
    "waterDeepColor": "#b35019",
    "waterDepthRange": 0.22,
    "waterDepthCurve": 1.8,
    "foamEnabled": true,
    "foamColor": "#c00000",
    "foamWidth": 0.03,
    "foamIntensity": 0.55,
    "seaDoubleSided": false,
    "seaHugCoast": true,
    "seaHugBand": 0.45,
    "seaHugFactor": 0.35,
    "cratersEnabled": true,
    "craterCount": 120,
    "craterRadiusMin": 0.059000000000000004,
    "craterRadiusMax": 0.085,
    "craterDepthMin": 0.095,
    "craterDepthMax": 0.09,
    "craterRim": 0.34,
    "craterBlend": 0.6,
    "heightClampEnabled": true,
    "heightClampMin": 0.8,
    "heightClampMax": 1.65,
    "erosionEnabled": true,
    "erosionIterations": 2,
    "erosionTalus": 0.02,
    "erosionRate": 0.15,
    "smoothingEnabled": true,
    "smoothIterations": 1,
    "smoothStrength": 0.12,
    "colorsEnabled": true,
    "colorBeach": "#ffa600",
    "colorLow": "#66572d",
    "colorMid": "#393124",
    "colorHigh": "#000000",
    "colorSnow": "#ff0000",
    "beachWidth": 0.03,
    "snowLine": 0.4,
    "snowLinePole": 0.62,
    "snowLatPower": 1.6,
    "slopeShading": true,
    "slopeStrength": 0.45,
    "rockColor": "#6f6a61",
    "rockSlope": 0.35
  }
}