{
  "project": "planet-babylon-terrain",
  "configVersion": 1,
  "exportedAt": "2026-02-03T11:13:12.670Z",
  "params": {
    "seed": 117043808,
    "radius": 6.6000000000000005,
    "atmoEnabled": true,
    "atmoUseDepth": true,
    "atmoRadiusMul": 1.25,
    "atmoStrength": 8,
    "mieStrength": 2.4,
    "upperStrength": 1.6,
    "atmoSteps": 48,
    "c0": "#8e7048",
    "c1": "#695c34",
    "c2": "#4e7bd4",
    "cloudAlpha": 0,
    "cloudScale": 2.7,
    "cloudSharpness": 2.2,
    "cloudWindX": 0.02,
    "cloudWindZ": 0.012,
    "cloudTint": "#eef6ff",
    "subdivisions": 50,
    "continentAmp": 0.11,
    "continentScale": 0.51,
    "continentPower": 1.25,
    "continentMaskMin": 0.41000000000000003,
    "continentMaskMax": 0.85,
    "mountainAmp": 0.22,
    "noiseScale": 3.09,
    "octaves": 9,
    "lacunarity": 2.0100000000000002,
    "gain": 0.5700000000000001,
    "mountainMaskByContinents": true,
    "ridgeAmp": 0.12,
    "ridgeScale": 4,
    "ridgeOctaves": 8,
    "ridgeLacunarity": 2.05,
    "ridgeGain": 0.56,
    "ridgeMaskByContinents": true,
    "seaEnabled": false,
    "oceanMode": "patch",
    "oceanCoastFill": 0.05,
    "seaLevel": 0.06,
    "seaThickness": 1.002,
    "flattenUnderSea": true,
    "flattenStrength": 0.85,
    "shoreBand": 0.06,
    "shoreStrength": 0.65,
    "seaColor": "#10314a",
    "seaAlpha": 1,
    "seaRoughness": 0.12,
    "seaSpecular": 0.85,
    "seaReflect": 0.55,
    "seaFresnelBias": 0.08,
    "seaFresnelPower": 4,
    "seaClearCoat": 0.75,
    "seaClearCoatRough": 0.12,
    "seaZOffset": 0,
    "colorsWaterEnabled": true,
    "waterShallowColor": "#2a8fb3",
    "waterDeepColor": "#062238",
    "waterDepthRange": 0.22,
    "waterDepthCurve": 1.8,
    "foamEnabled": true,
    "foamColor": "#e9f6ff",
    "foamWidth": 0.03,
    "foamIntensity": 0.55,
    "seaDoubleSided": false,
    "seaHugCoast": true,
    "seaHugBand": 0.45,
    "seaHugFactor": 0.35,
    "cratersEnabled": true,
    "craterCount": 220,
    "craterRadiusMin": 0.114,
    "craterRadiusMax": 0.25,
    "craterDepthMin": 0.01,
    "craterDepthMax": 0.035,
    "craterRim": 0.5,
    "craterBlend": 0.63,
    "heightClampEnabled": true,
    "heightClampMin": 0.44,
    "heightClampMax": 1.34,
    "erosionEnabled": true,
    "erosionIterations": 2,
    "erosionTalus": 0.048,
    "erosionRate": 0.47000000000000003,
    "smoothingEnabled": true,
    "smoothIterations": 1,
    "smoothStrength": 0.55,
    "colorsEnabled": true,
    "colorBeach": "#704f14",
    "colorLow": "#755d2f",
    "colorMid": "#644c25",
    "colorHigh": "#341f09",
    "colorSnow": "#281616",
    "beachWidth": 0.066,
    "snowLine": 0.51,
    "snowLinePole": 0.2,
    "snowLatPower": 0.5,
    "slopeShading": true,
    "slopeStrength": 0,
    "rockColor": "#391f09",
    "rockSlope": 0.22
  }
}