{
  "project": "planet-babylon-terrain",
  "configVersion": 1,
  "exportedAt": "2026-02-06T11:07:11.475Z",
  "params": {
    "ringColorContrast": 1.25,
    "ringAlphaContrast": 1.35,
    "ringCassiniPos": 0.62,
    "ringCassiniWidth": 0.02,
    "ringCassiniAlpha": 0.05,
    "gasSmooth": 1,
    "gasBandDriftSpeed": 0.42,
    "gasStormAmp": 0.12,
    "gasStormSwirl": 0.45,
    "gasStormContrast": 1.35,
    "gasRotSpeed": 0.25,
    "gasTexRotSpeed": 0.13,
    "gasStormEnabled": true,
    "gasStormColor": "#b84a2a",
    "gasStormLat": 0.1,
    "gasStormLon": 0.45,
    "gasStormRadius": 0.135,
    "gasStormSoftness": 0.47000000000000003,
    "gasStormDriftSpeed": 0.1,
    "ringColorA": "#d6c9b1",
    "ringColorB": "#8b7a67",
    "ringColorC": "#efe4d4",
    "ringAlphaBase": 0.55,
    "ringAlphaNoise": 0.35,
    "ringColorNoise": 0.35,
    "ringGapFreq": 6,
    "ringGapPower": 2.2,
    "ringBandFreq": 24,
    "cloudLayerEnabled": true,
    "cloudLayerMul": 1.75,
    "cloudCoverage": 0.46,
    "cloudRotSpeed": 0.04,
    "seed": 1337,
    "radius": 6,
    "atmoEnabled": true,
    "atmoUseDepth": true,
    "atmoRadiusMul": 1.06,
    "atmoStrength": 8,
    "mieStrength": 4.42,
    "upperStrength": 3.09,
    "atmoSteps": 38,
    "c0": "#a28e75",
    "c1": "#616161",
    "c2": "#7a6754",
    "cloudAlpha": 0.39,
    "cloudScale": 3.7,
    "cloudSharpness": 2.25,
    "cloudWindX": 0.02,
    "cloudWindZ": 0.012,
    "cloudTint": "#f7ebc3",
    "subdivisions": 25,
    "continentAmp": 0.1,
    "continentScale": 1.15,
    "continentPower": 1.25,
    "continentMaskMin": 0.1,
    "continentMaskMax": 0.85,
    "mountainAmp": 0.25,
    "noiseScale": 2.1,
    "octaves": 5,
    "lacunarity": 2.02,
    "gain": 0.52,
    "mountainMaskByContinents": true,
    "ridgeAmp": 0.22,
    "ridgeScale": 4,
    "ridgeOctaves": 5,
    "ridgeLacunarity": 2.05,
    "ridgeGain": 0.56,
    "ridgeMaskByContinents": true,
    "seaEnabled": true,
    "oceanMode": "patch",
    "oceanCoastFill": 0.05,
    "seaLevel": 0.06,
    "seaThickness": 1.002,
    "flattenUnderSea": true,
    "flattenStrength": 0.85,
    "shoreBand": 0.06,
    "shoreStrength": 0.65,
    "seaColor": "#10314a",
    "seaAlpha": 1,
    "seaRoughness": 0.12,
    "seaSpecular": 0.85,
    "seaReflect": 0.55,
    "seaFresnelBias": 0.08,
    "seaFresnelPower": 4,
    "seaClearCoat": 0.75,
    "seaClearCoatRough": 0.12,
    "seaZOffset": 0,
    "colorsWaterEnabled": true,
    "waterShallowColor": "#2a8fb3",
    "waterDeepColor": "#062238",
    "waterDepthRange": 0.22,
    "waterDepthCurve": 1.8,
    "foamEnabled": true,
    "foamColor": "#e9f6ff",
    "foamWidth": 0.03,
    "foamIntensity": 0.55,
    "seaDoubleSided": false,
    "seaHugCoast": true,
    "seaHugBand": 0.45,
    "seaHugFactor": 0.35,
    "cratersEnabled": true,
    "craterCount": 60,
    "craterRadiusMin": 0.035,
    "craterRadiusMax": 0.085,
    "craterDepthMin": 0.03,
    "craterDepthMax": 0.09,
    "craterRim": 0.18,
    "craterBlend": 0.6,
    "heightClampEnabled": true,
    "heightClampMin": 0.8,
    "heightClampMax": 1.65,
    "erosionEnabled": true,
    "erosionIterations": 2,
    "erosionTalus": 0.02,
    "erosionRate": 0.15,
    "smoothingEnabled": true,
    "smoothIterations": 1,
    "smoothStrength": 0.35,
    "colorsEnabled": true,
    "colorBeach": "#bfa77a",
    "colorLow": "#6e7a5e",
    "colorMid": "#7c6a4c",
    "colorHigh": "#8b7f70",
    "colorSnow": "#e7edf0",
    "beachWidth": 0.03,
    "snowLine": 0.82,
    "snowLinePole": 0.62,
    "snowLatPower": 1.6,
    "slopeShading": true,
    "slopeStrength": 0.45,
    "rockColor": "#6f6a61",
    "rockSlope": 0.35,
    "planetType": "GasGiant",
    "gasBandCount": 8,
    "gasBandContrast": 1.27,
    "gasBandSharpness": 1.35,
    "gasLatWarp": 0.25,
    "gasSwirl": 1.5,
    "gasStormScale": 13.9,
    "gasDetailScale": 8,
    "gasDetailOctaves": 5,
    "gasDetailLacunarity": 2.03,
    "gasDetailGain": 0.55,
    "gasBulge": 0.023,
    "gasRoughness": 0.85,
    "gasColorA": "#f0e4cc",
    "gasColorB": "#cdb79d",
    "gasColorC": "#fff6e6",
    "ringsEnabled": true,
    "ringSegments": 128,
    "ringThickness": 0.035,
    "ringTiltX": 0.18,
    "ringTiltZ": 0,
    "ringRings": [
      {
        "enabled": true,
        "innerMul": 1.35,
        "widthMul": 0.22,
        "color": "#efe6d6",
        "alpha": 0.28,
        "noise": 0.55,
        "bandFreq": 52,
        "gapFreq": 18,
        "gapPower": 3
      },
      {
        "enabled": true,
        "innerMul": 1.6,
        "widthMul": 0.55,
        "color": "#d2c0a3",
        "alpha": 0.92,
        "noise": 0.45,
        "bandFreq": 64,
        "gapFreq": 16,
        "gapPower": 3
      },
      {
        "enabled": true,
        "innerMul": 2.25,
        "widthMul": 0.4,
        "color": "#f7f1e8",
        "alpha": 0.68,
        "noise": 0.55,
        "bandFreq": 78,
        "gapFreq": 20,
        "gapPower": 3.4
      },
      {
        "enabled": true,
        "innerMul": 2.86,
        "widthMul": 0.035,
        "color": "#f0e7d5",
        "alpha": 0.22,
        "noise": 0.65,
        "bandFreq": 120,
        "gapFreq": 30,
        "gapPower": 4
      },
      {
        "enabled": false,
        "innerMul": 1.83,
        "widthMul": 0.1,
        "color": "#d6c9b1",
        "alpha": 0.75,
        "noise": 0.35,
        "bandFreq": 38,
        "gapFreq": 8,
        "gapPower": 2.5
      },
      {
        "enabled": false,
        "innerMul": 1.9500000000000002,
        "widthMul": 0.1,
        "color": "#d6c9b1",
        "alpha": 0.75,
        "noise": 0.35,
        "bandFreq": 38,
        "gapFreq": 8,
        "gapPower": 2.5
      },
      {
        "enabled": false,
        "innerMul": 2.0700000000000003,
        "widthMul": 0.1,
        "color": "#d6c9b1",
        "alpha": 0.75,
        "noise": 0.35,
        "bandFreq": 38,
        "gapFreq": 8,
        "gapPower": 2.5
      },
      {
        "enabled": false,
        "innerMul": 2.19,
        "widthMul": 0.1,
        "color": "#d6c9b1",
        "alpha": 0.75,
        "noise": 0.35,
        "bandFreq": 38,
        "gapFreq": 8,
        "gapPower": 2.5
      },
      {
        "enabled": false,
        "innerMul": 2.31,
        "widthMul": 0.1,
        "color": "#d6c9b1",
        "alpha": 0.75,
        "noise": 0.35,
        "bandFreq": 38,
        "gapFreq": 8,
        "gapPower": 2.5
      },
      {
        "enabled": false,
        "innerMul": 2.43,
        "widthMul": 0.1,
        "color": "#d6c9b1",
        "alpha": 0.75,
        "noise": 0.35,
        "bandFreq": 38,
        "gapFreq": 8,
        "gapPower": 2.5
      }
    ]
  }
}