{
  "project": "planet-babylon-terrain",
  "configVersion": 1,
  "exportedAt": "2026-02-02T09:02:23.702Z",
  "params": {
    "seed": 666293853,
    "radius": 6,
    "atmoEnabled": true,
    "atmoUseDepth": true,
    "atmoRadiusMul": 1.25,
    "atmoStrength": 6.97,
    "mieStrength": 5.12,
    "upperStrength": 5.99,
    "atmoSteps": 96,
    "c0": "#699898",
    "c1": "#2e6bff",
    "c2": "#1947a6",
    "cloudAlpha": 0,
    "cloudScale": 2.7,
    "cloudSharpness": 2.2,
    "cloudWindX": 0.02,
    "cloudWindZ": 0.012,
    "cloudTint": "#eef6ff",
    "subdivisions": 75,
    "continentAmp": 0.04,
    "continentScale": 1.54,
    "continentPower": 1.98,
    "continentMaskMin": 0.27,
    "continentMaskMax": 0.27,
    "mountainAmp": 0.11,
    "noiseScale": 1.77,
    "octaves": 3,
    "lacunarity": 2.5500000000000003,
    "gain": 0.84,
    "mountainMaskByContinents": true,
    "ridgeAmp": 0.18,
    "ridgeScale": 2.8000000000000003,
    "ridgeOctaves": 2,
    "ridgeLacunarity": 1.99,
    "ridgeGain": 0.38,
    "ridgeMaskByContinents": true,
    "seaEnabled": true,
    "oceanMode": "patch",
    "oceanCoastFill": 0.05,
    "seaLevel": 0.06,
    "seaThickness": 1.002,
    "flattenUnderSea": true,
    "flattenStrength": 0.85,
    "shoreBand": 0.06,
    "shoreStrength": 0.65,
    "seaColor": "#10314a",
    "seaAlpha": 1,
    "seaRoughness": 0.22,
    "seaSpecular": 0.9500000000000001,
    "seaReflect": 0.75,
    "seaFresnelBias": 0.125,
    "seaFresnelPower": 5.6000000000000005,
    "seaClearCoat": 0.97,
    "seaClearCoatRough": 0.25,
    "seaZOffset": 0,
    "colorsWaterEnabled": true,
    "waterShallowColor": "#2a8fb3",
    "waterDeepColor": "#062238",
    "waterDepthRange": 0.22,
    "waterDepthCurve": 1.8,
    "foamEnabled": true,
    "foamColor": "#e9f6ff",
    "foamWidth": 0.03,
    "foamIntensity": 0.55,
    "seaDoubleSided": false,
    "seaHugCoast": true,
    "seaHugBand": 0.45,
    "seaHugFactor": 0.35,
    "cratersEnabled": false,
    "craterCount": 60,
    "craterRadiusMin": 0.035,
    "craterRadiusMax": 0.085,
    "craterDepthMin": 0.03,
    "craterDepthMax": 0.09,
    "craterRim": 0.18,
    "craterBlend": 0.6,
    "heightClampEnabled": true,
    "heightClampMin": 0.63,
    "heightClampMax": 1.81,
    "erosionEnabled": true,
    "erosionIterations": 7,
    "erosionTalus": 0.044,
    "erosionRate": 0.35000000000000003,
    "smoothingEnabled": true,
    "smoothIterations": 2,
    "smoothStrength": 0.06,
    "colorsEnabled": true,
    "colorBeach": "#bfb27a",
    "colorLow": "#57752f",
    "colorMid": "#176114",
    "colorHigh": "#5f5447",
    "colorSnow": "#e7edf0",
    "beachWidth": 0.026000000000000002,
    "snowLine": 0.4,
    "snowLinePole": 0.9,
    "snowLatPower": 1.1,
    "slopeShading": true,
    "slopeStrength": 0.45,
    "rockColor": "#6f6a61",
    "rockSlope": 0.35
  }
}