{
  "project": "planet-babylon-terrain",
  "configVersion": 1,
  "exportedAt": "2026-02-02T15:03:23.278Z",
  "params": {
    "seed": 1337,
    "radius": 6,
    "atmoEnabled": true,
    "atmoUseDepth": true,
    "atmoRadiusMul": 1.25,
    "atmoStrength": 6.16,
    "mieStrength": 3.21,
    "upperStrength": 3.9,
    "atmoSteps": 87,
    "c0": "#4299a0",
    "c1": "#2e6bff",
    "c2": "#1947a6",
    "cloudAlpha": 0,
    "cloudScale": 2.7,
    "cloudSharpness": 2.2,
    "cloudWindX": 0.02,
    "cloudWindZ": 0.012,
    "cloudTint": "#eef6ff",
    "subdivisions": 54,
    "continentAmp": 0.11,
    "continentScale": 1.43,
    "continentPower": 1.25,
    "continentMaskMin": 0.02,
    "continentMaskMax": 0.49,
    "mountainAmp": 0.09,
    "noiseScale": 2.1,
    "octaves": 5,
    "lacunarity": 2.02,
    "gain": 0.52,
    "mountainMaskByContinents": true,
    "ridgeAmp": 0.08,
    "ridgeScale": 4,
    "ridgeOctaves": 5,
    "ridgeLacunarity": 2.05,
    "ridgeGain": 0.56,
    "ridgeMaskByContinents": true,
    "seaEnabled": true,
    "oceanMode": "patch",
    "oceanCoastFill": 0.05,
    "seaLevel": 0.06,
    "seaThickness": 1.002,
    "flattenUnderSea": true,
    "flattenStrength": 0.85,
    "shoreBand": 0.06,
    "shoreStrength": 0.65,
    "seaColor": "#0b6ab3",
    "seaAlpha": 1,
    "seaRoughness": 0.32,
    "seaSpecular": 0.93,
    "seaReflect": 0.84,
    "seaFresnelBias": 0.14,
    "seaFresnelPower": 5.300000000000001,
    "seaClearCoat": 0.91,
    "seaClearCoatRough": 0.46,
    "seaZOffset": 0,
    "colorsWaterEnabled": true,
    "waterShallowColor": "#2a8fb3",
    "waterDeepColor": "#062238",
    "waterDepthRange": 0.22,
    "waterDepthCurve": 1.8,
    "foamEnabled": true,
    "foamColor": "#e9f6ff",
    "foamWidth": 0.03,
    "foamIntensity": 0.55,
    "seaDoubleSided": false,
    "seaHugCoast": true,
    "seaHugBand": 0.45,
    "seaHugFactor": 0.35,
    "cratersEnabled": true,
    "craterCount": 60,
    "craterRadiusMin": 0.035,
    "craterRadiusMax": 0.085,
    "craterDepthMin": 0.03,
    "craterDepthMax": 0.09,
    "craterRim": 0.18,
    "craterBlend": 0.6,
    "heightClampEnabled": true,
    "heightClampMin": 0.8,
    "heightClampMax": 1.65,
    "erosionEnabled": true,
    "erosionIterations": 2,
    "erosionTalus": 0.02,
    "erosionRate": 0.15,
    "smoothingEnabled": true,
    "smoothIterations": 1,
    "smoothStrength": 0.35,
    "colorsEnabled": true,
    "colorBeach": "#ffffff",
    "colorLow": "#519100",
    "colorMid": "#0d8400",
    "colorHigh": "#718c5b",
    "colorSnow": "#e7edf0",
    "beachWidth": 0.012,
    "snowLine": 0.8200000000000001,
    "snowLinePole": 0.62,
    "snowLatPower": 1.6,
    "slopeShading": true,
    "slopeStrength": 0.45,
    "rockColor": "#6f6a61",
    "rockSlope": 0.35
  }
}