{
  "project": "planet-babylon-terrain",
  "configVersion": 1,
  "exportedAt": "2026-02-02T14:57:54.391Z",
  "params": {
    "seed": 1337,
    "radius": 6,
    "atmoEnabled": true,
    "atmoUseDepth": true,
    "atmoRadiusMul": 1.055,
    "atmoStrength": 2.8,
    "mieStrength": 2.4,
    "upperStrength": 1.6,
    "atmoSteps": 48,
    "c0": "#9e9585",
    "c1": "#2e6bff",
    "c2": "#1947a6",
    "cloudAlpha": 0,
    "cloudScale": 2.7,
    "cloudSharpness": 2.2,
    "cloudWindX": 0.02,
    "cloudWindZ": 0.012,
    "cloudTint": "#eef6ff",
    "subdivisions": 30,
    "continentAmp": 0.05,
    "continentScale": 0.63,
    "continentPower": 1.25,
    "continentMaskMin": 0.1,
    "continentMaskMax": 0.85,
    "mountainAmp": 0.24,
    "noiseScale": 2.1,
    "octaves": 5,
    "lacunarity": 2.02,
    "gain": 0.52,
    "mountainMaskByContinents": true,
    "ridgeAmp": 0.08,
    "ridgeScale": 4,
    "ridgeOctaves": 8,
    "ridgeLacunarity": 2.05,
    "ridgeGain": 0.56,
    "ridgeMaskByContinents": true,
    "seaEnabled": false,
    "oceanMode": "patch",
    "oceanCoastFill": 0.05,
    "seaLevel": 0.06,
    "seaThickness": 1.002,
    "flattenUnderSea": true,
    "flattenStrength": 0.85,
    "shoreBand": 0.06,
    "shoreStrength": 0.65,
    "seaColor": "#10314a",
    "seaAlpha": 1,
    "seaRoughness": 0.12,
    "seaSpecular": 0.85,
    "seaReflect": 0.55,
    "seaFresnelBias": 0.08,
    "seaFresnelPower": 4,
    "seaClearCoat": 0.75,
    "seaClearCoatRough": 0.12,
    "seaZOffset": 0,
    "colorsWaterEnabled": true,
    "waterShallowColor": "#2a8fb3",
    "waterDeepColor": "#062238",
    "waterDepthRange": 0.22,
    "waterDepthCurve": 1.8,
    "foamEnabled": true,
    "foamColor": "#e9f6ff",
    "foamWidth": 0.03,
    "foamIntensity": 0.55,
    "seaDoubleSided": false,
    "seaHugCoast": true,
    "seaHugBand": 0.45,
    "seaHugFactor": 0.35,
    "cratersEnabled": true,
    "craterCount": 220,
    "craterRadiusMin": 0.105,
    "craterRadiusMax": 0.148,
    "craterDepthMin": 0.015,
    "craterDepthMax": 0.055,
    "craterRim": 0.42,
    "craterBlend": 0.8,
    "heightClampEnabled": true,
    "heightClampMin": 0.8,
    "heightClampMax": 1.65,
    "erosionEnabled": false,
    "erosionIterations": 0,
    "erosionTalus": 0.012,
    "erosionRate": 0.08,
    "smoothingEnabled": false,
    "smoothIterations": 0,
    "smoothStrength": 0.21,
    "colorsEnabled": true,
    "colorBeach": "#edd9b7",
    "colorLow": "#828282",
    "colorMid": "#e1e1e1",
    "colorHigh": "#4a4a4a",
    "colorSnow": "#e7edf0",
    "beachWidth": 0.03,
    "snowLine": 0.82,
    "snowLinePole": 0.62,
    "snowLatPower": 1.6,
    "slopeShading": true,
    "slopeStrength": 0.45,
    "rockColor": "#6f6a61",
    "rockSlope": 0.35
  }
}