{
  "project": "planet-babylon-terrain",
  "configVersion": 1,
  "exportedAt": "2026-02-02T15:48:01.775Z",
  "params": {
    "seed": 675938489,
    "radius": 8,
    "atmoEnabled": true,
    "atmoUseDepth": true,
    "atmoRadiusMul": 1.207,
    "atmoStrength": 6.1000000000000005,
    "mieStrength": 3.96,
    "upperStrength": 3.5,
    "atmoSteps": 85,
    "c0": "#c37e0a",
    "c1": "#82d458",
    "c2": "#9ccd8b",
    "cloudAlpha": 0,
    "cloudScale": 2.7,
    "cloudSharpness": 2.2,
    "cloudWindX": 0.02,
    "cloudWindZ": 0.012,
    "cloudTint": "#eef6ff",
    "subdivisions": 35,
    "continentAmp": 0.3,
    "continentScale": 1.41,
    "continentPower": 2.08,
    "continentMaskMin": 0.1,
    "continentMaskMax": 0.85,
    "mountainAmp": 0.59,
    "noiseScale": 5.96,
    "octaves": 9,
    "lacunarity": 2.8000000000000003,
    "gain": 0.41000000000000003,
    "mountainMaskByContinents": true,
    "ridgeAmp": 0.35000000000000003,
    "ridgeScale": 0.91,
    "ridgeOctaves": 8,
    "ridgeLacunarity": 3.11,
    "ridgeGain": 0.29,
    "ridgeMaskByContinents": true,
    "seaEnabled": true,
    "oceanMode": "patch",
    "oceanCoastFill": 0.05,
    "seaLevel": 0.06,
    "seaThickness": 1.002,
    "flattenUnderSea": true,
    "flattenStrength": 0.85,
    "shoreBand": 0.06,
    "shoreStrength": 0.65,
    "seaColor": "#ffffff",
    "seaAlpha": 1,
    "seaRoughness": 0.87,
    "seaSpecular": 1.22,
    "seaReflect": 1.05,
    "seaFresnelBias": 0.135,
    "seaFresnelPower": 5.1000000000000005,
    "seaClearCoat": 0.75,
    "seaClearCoatRough": 0.12,
    "seaZOffset": 0,
    "colorsWaterEnabled": true,
    "waterShallowColor": "#ffffff",
    "waterDeepColor": "#ffffff",
    "waterDepthRange": 0.22,
    "waterDepthCurve": 1.8,
    "foamEnabled": true,
    "foamColor": "#ffffff",
    "foamWidth": 0.03,
    "foamIntensity": 0.55,
    "seaDoubleSided": false,
    "seaHugCoast": true,
    "seaHugBand": 0.45,
    "seaHugFactor": 0.35,
    "cratersEnabled": true,
    "craterCount": 182,
    "craterRadiusMin": 0.10300000000000001,
    "craterRadiusMax": 0.249,
    "craterDepthMin": 0.015,
    "craterDepthMax": 0.05,
    "craterRim": 0.18,
    "craterBlend": 0.6,
    "heightClampEnabled": true,
    "heightClampMin": 0.8,
    "heightClampMax": 1.65,
    "erosionEnabled": true,
    "erosionIterations": 2,
    "erosionTalus": 0.02,
    "erosionRate": 0.15,
    "smoothingEnabled": true,
    "smoothIterations": 1,
    "smoothStrength": 0.35,
    "colorsEnabled": true,
    "colorBeach": "#3b5f64",
    "colorLow": "#786341",
    "colorMid": "#a78f68",
    "colorHigh": "#cac3b9",
    "colorSnow": "#ffffff",
    "beachWidth": 0.016,
    "snowLine": 0.43,
    "snowLinePole": 0.62,
    "snowLatPower": 1.6,
    "slopeShading": true,
    "slopeStrength": 0.45,
    "rockColor": "#839392",
    "rockSlope": 0.35
  }
}