{
  "project": "planet-babylon-terrain",
  "configVersion": 1,
  "exportedAt": "2026-02-02T14:53:30.861Z",
  "params": {
    "seed": 929217548,
    "radius": 7,
    "atmoEnabled": true,
    "atmoUseDepth": true,
    "atmoRadiusMul": 1.055,
    "atmoStrength": 2.8,
    "mieStrength": 2.4,
    "upperStrength": 1.6,
    "atmoSteps": 48,
    "c0": "#9e9585",
    "c1": "#2e6bff",
    "c2": "#1947a6",
    "cloudAlpha": 0,
    "cloudScale": 2.7,
    "cloudSharpness": 2.2,
    "cloudWindX": 0.02,
    "cloudWindZ": 0.012,
    "cloudTint": "#eef6ff",
    "subdivisions": 50,
    "continentAmp": 0.16,
    "continentScale": 1.51,
    "continentPower": 1.37,
    "continentMaskMin": 0.1,
    "continentMaskMax": 0.85,
    "mountainAmp": 0.3,
    "noiseScale": 2.5,
    "octaves": 8,
    "lacunarity": 2.46,
    "gain": 0.52,
    "mountainMaskByContinents": true,
    "ridgeAmp": 0.11,
    "ridgeScale": 2.11,
    "ridgeOctaves": 8,
    "ridgeLacunarity": 2.05,
    "ridgeGain": 0.56,
    "ridgeMaskByContinents": true,
    "seaEnabled": true,
    "oceanMode": "patch",
    "oceanCoastFill": 0.05,
    "seaLevel": 0.06,
    "seaThickness": 1.002,
    "flattenUnderSea": true,
    "flattenStrength": 0.85,
    "shoreBand": 0.06,
    "shoreStrength": 0.65,
    "seaColor": "#ffffff",
    "seaAlpha": 1,
    "seaRoughness": 0.12,
    "seaSpecular": 0.85,
    "seaReflect": 0.55,
    "seaFresnelBias": 0.08,
    "seaFresnelPower": 4,
    "seaClearCoat": 0.75,
    "seaClearCoatRough": 0.12,
    "seaZOffset": 0,
    "colorsWaterEnabled": true,
    "waterShallowColor": "#2a8fb3",
    "waterDeepColor": "#062238",
    "waterDepthRange": 0.22,
    "waterDepthCurve": 1.8,
    "foamEnabled": true,
    "foamColor": "#e9f6ff",
    "foamWidth": 0.03,
    "foamIntensity": 0.55,
    "seaDoubleSided": false,
    "seaHugCoast": true,
    "seaHugBand": 0.45,
    "seaHugFactor": 0.35,
    "cratersEnabled": true,
    "craterCount": 165,
    "craterRadiusMin": 0.014,
    "craterRadiusMax": 0.155,
    "craterDepthMin": 0.22,
    "craterDepthMax": 0.5,
    "craterRim": 0.18,
    "craterBlend": 0.6,
    "heightClampEnabled": true,
    "heightClampMin": 0.8,
    "heightClampMax": 1.65,
    "erosionEnabled": true,
    "erosionIterations": 1,
    "erosionTalus": 0.066,
    "erosionRate": 0.15,
    "smoothingEnabled": true,
    "smoothIterations": 1,
    "smoothStrength": 0.35,
    "colorsEnabled": true,
    "colorBeach": "#a3c0b5",
    "colorLow": "#6e7a5e",
    "colorMid": "#6c7f76",
    "colorHigh": "#b2bbbe",
    "colorSnow": "#e7edf0",
    "beachWidth": 0.03,
    "snowLine": 0.98,
    "snowLinePole": 0.62,
    "snowLatPower": 1.6,
    "slopeShading": true,
    "slopeStrength": 0.45,
    "rockColor": "#464646",
    "rockSlope": 0.35
  }
}