{
  "project": "planet-babylon-terrain",
  "configVersion": 1,
  "exportedAt": "2026-02-02T09:30:31.750Z",
  "params": {
    "seed": 672036206,
    "radius": 6,
    "atmoEnabled": true,
    "atmoUseDepth": true,
    "atmoRadiusMul": 1.202,
    "atmoStrength": 3.61,
    "mieStrength": 3.84,
    "upperStrength": 2.92,
    "atmoSteps": 60,
    "c0": "#bb331a",
    "c1": "#ca7f62",
    "c2": "#f2f2f2",
    "cloudAlpha": 0,
    "cloudScale": 2.7,
    "cloudSharpness": 2.2,
    "cloudWindX": 0.02,
    "cloudWindZ": 0.012,
    "cloudTint": "#eef6ff",
    "subdivisions": 25,
    "continentAmp": 0.04,
    "continentScale": 1.7,
    "continentPower": 0.88,
    "continentMaskMin": 0.23,
    "continentMaskMax": 0.52,
    "mountainAmp": 0.09,
    "noiseScale": 0.65,
    "octaves": 5,
    "lacunarity": 2.13,
    "gain": 0.3,
    "mountainMaskByContinents": true,
    "ridgeAmp": 0.09,
    "ridgeScale": 2.11,
    "ridgeOctaves": 2,
    "ridgeLacunarity": 1.69,
    "ridgeGain": 0.25,
    "ridgeMaskByContinents": true,
    "seaEnabled": false,
    "oceanMode": "patch",
    "oceanCoastFill": 0.05,
    "seaLevel": 0.06,
    "seaThickness": 1.002,
    "flattenUnderSea": true,
    "flattenStrength": 0.85,
    "shoreBand": 0.06,
    "shoreStrength": 0.65,
    "seaColor": "#142839",
    "seaAlpha": 0.92,
    "seaRoughness": 0.29,
    "seaSpecular": 0.97,
    "seaReflect": 0.85,
    "seaFresnelBias": 0.14,
    "seaFresnelPower": 5.7,
    "seaClearCoat": 0.97,
    "seaClearCoatRough": 0.39,
    "seaZOffset": 0,
    "colorsWaterEnabled": true,
    "waterShallowColor": "#154b5f",
    "waterDeepColor": "#b4c7d7",
    "waterDepthRange": 0.22,
    "waterDepthCurve": 1.8,
    "foamEnabled": true,
    "foamColor": "#e9f6ff",
    "foamWidth": 0.03,
    "foamIntensity": 0.55,
    "seaDoubleSided": false,
    "seaHugCoast": true,
    "seaHugBand": 0.45,
    "seaHugFactor": 0.35,
    "cratersEnabled": true,
    "craterCount": 220,
    "craterRadiusMin": 0.02,
    "craterRadiusMax": 0.25,
    "craterDepthMin": 0.05,
    "craterDepthMax": 0.14,
    "craterRim": 0.2,
    "craterBlend": 0.89,
    "heightClampEnabled": true,
    "heightClampMin": 0.43,
    "heightClampMax": 2.02,
    "erosionEnabled": false,
    "erosionIterations": 5,
    "erosionTalus": 0.032,
    "erosionRate": 0.35000000000000003,
    "smoothingEnabled": true,
    "smoothIterations": 1,
    "smoothStrength": 0.04,
    "colorsEnabled": true,
    "colorBeach": "#8e814d",
    "colorLow": "#391e1e",
    "colorMid": "#4d3821",
    "colorHigh": "#3e3122",
    "colorSnow": "#414141",
    "beachWidth": 0.026000000000000002,
    "snowLine": 0.4,
    "snowLinePole": 0.9,
    "snowLatPower": 1.1,
    "slopeShading": true,
    "slopeStrength": 0.45,
    "rockColor": "#000000",
    "rockSlope": 0.35
  }
}